<?xml version="1.0" encoding="utf-8"?>
<!--/12878433/234443/2.47/3/4/Connector/-->
<quadcept_library>
  <setting unit="mil" />
  <textstyle name="Default" height="47.244094488189" strokewidth="7.8740157480315" charwidth="47.244094488189" />
  <textstyle name="Dimension" height="19.6850393700787" strokewidth="0" charwidth="19.6850393700787" />
  <textstyle name="H127W0635TH00762" height="50" strokewidth="3" charwidth="25" />
  <textstyle name="H15W15TH02" height="59.0551181102362" strokewidth="7.8740157480315" charwidth="59.0551181102362" />
  <padstyle name="r280_220" surface="True" plated="False" isvia="False" nopaste="False" nomask="True" complex="False" holesize="0">
    <padshape layer="TOP" shape="rectangle" width="86.614173228345" height="110.23622047244" />
    <padshape layer="TOP_SOLDER_PASTE" shape="rectangle" width="86.614173228345" height="110.23622047244" />
  </padstyle>
  <padstyle name="r280_260" surface="True" plated="False" isvia="False" nopaste="False" nomask="True" complex="False" holesize="0">
    <padshape layer="TOP" shape="rectangle" width="102.36220472441" height="110.23622047244" />
    <padshape layer="TOP_SOLDER_PASTE" shape="rectangle" width="102.36220472441" height="110.23622047244" />
  </padstyle>
  <padstyle name="c85_h170" surface="False" plated="True" isvia="False" nopaste="True" nomask="True" complex="False" holesize="66.929133858267">
    <padshape layer="TOP" shape="round" width="33.464566929133" height="33.464566929133" />
    <padshape layer="INNER" shape="round" width="33.464566929133" height="33.464566929133" />
    <padshape layer="BOTTOM" shape="round" width="33.464566929133" height="33.464566929133" />
  </padstyle>
  <footprint name="SJ3523SMTTR" originx="0" originy="0" pickpointx="0" pickpointy="0">
    <pcbpin number="1" name="1" style="r280_220" originx="94.488188976377" originy="-145.66929133858" rotation="0" />
    <pcbpin number="2" name="2" style="r280_260" originx="464.56692913385" originy="-149.6062992126" rotation="90" />
    <pcbpin number="3" name="3" style="r280_220" originx="173.22834645669" originy="145.66929133858" rotation="0" />
    <pcbpin number="4" name="MH1" style="c85_h170" originx="137.79527559055" originy="0" rotation="90" />
    <pcbpin number="5" name="MH2" style="c85_h170" originx="413.38582677165" originy="0" rotation="90" />
    <line layer="TOP_ASSEMBLY" originx="-98.425196850392" originy="116.14173228346" endx="570.86614173228" endy="116.14173228346" width="7.8740157480314" />
    <line layer="TOP_ASSEMBLY" originx="570.86614173228" originy="116.14173228346" endx="570.86614173228" endy="-120.07874015748" width="7.8740157480314" />
    <line layer="TOP_ASSEMBLY" originx="570.86614173228" originy="-120.07874015748" endx="-98.425196850392" endy="-120.07874015748" width="7.8740157480314" />
    <line layer="TOP_ASSEMBLY" originx="-98.425196850392" originy="-120.07874015748" endx="-98.425196850392" endy="116.14173228346" width="7.8740157480314" />
    <line layer="TOP_PLACE_BOUND" originx="-137.79527559055" originy="240.15748031496" endx="712.59842519684" endy="240.15748031496" width="3.9370078740157" />
    <line layer="TOP_PLACE_BOUND" originx="712.59842519684" originy="240.15748031496" endx="712.59842519684" endy="-271.65354330708" width="3.9370078740157" />
    <line layer="TOP_PLACE_BOUND" originx="712.59842519684" originy="-271.65354330708" endx="-137.79527559055" endy="-271.65354330708" width="3.9370078740157" />
    <line layer="TOP_PLACE_BOUND" originx="-137.79527559055" originy="-271.65354330708" endx="-137.79527559055" endy="240.15748031496" width="3.9370078740157" />
    <line layer="TOP_SILKSCREEN" originx="82.67716535433" originy="-228.34645669291" endx="82.67716535433" endy="-228.34645669291" width="7.8740157480314" />
    <arc layer="TOP_SILKSCREEN" originx="86.614173228345" originy="-228.34645669291" startangle="180.0" sweepangle="180.0" radius="3.9370078740157" width="7.8740157480314" />
    <line layer="TOP_SILKSCREEN" originx="90.551181102361" originy="-228.34645669291" endx="90.551181102361" endy="-228.34645669291" width="7.8740157480314" />
    <arc layer="TOP_SILKSCREEN" originx="86.614173228345" originy="-228.34645669291" startangle=".0" sweepangle="180.0" radius="3.9370078740157" width="7.8740157480314" />
    <line layer="TOP_SILKSCREEN" originx="114.17322834646" originy="116.14173228346" endx="-98.425196850392" endy="116.14173228346" width="3.9370078740157" />
    <line layer="TOP_SILKSCREEN" originx="-98.425196850392" originy="116.14173228346" endx="-98.425196850392" endy="-120.07874015748" width="3.9370078740157" />
    <line layer="TOP_SILKSCREEN" originx="-98.425196850392" originy="-120.07874015748" endx="35.433070866141" endy="-120.07874015748" width="3.9370078740157" />
    <line layer="TOP_SILKSCREEN" originx="232.28346456693" originy="116.14173228346" endx="570.86614173228" endy="116.14173228346" width="3.9370078740157" />
    <line layer="TOP_SILKSCREEN" originx="531.49606299212" originy="-120.07874015748" endx="570.86614173228" endy="-120.07874015748" width="3.9370078740157" />
    <line layer="TOP_SILKSCREEN" originx="570.86614173228" originy="-120.07874015748" endx="570.86614173228" endy="-59.055118110235" width="3.9370078740157" />
    <line layer="TOP_SILKSCREEN" originx="153.54330708661" originy="-120.07874015748" endx="397.63779527559" endy="-120.07874015748" width="3.9370078740157" />
    <line layer="TOP_SILKSCREEN" originx="570.86614173228" originy="118.11023622047" endx="570.86614173228" endy="-59.055118110235" width="3.9370078740157" />
  </footprint>
  <symbol name="SJ-3523-SMT-TR" originx="0" originy="0">
    <line originx="200" originy="100" endx="1000" endy="100" width="10" />
    <line originx="1000" originy="-200" endx="1000" endy="100" width="10" />
    <line originx="1000" originy="-200" endx="200" endy="-200" width="10" />
    <line originx="200" originy="100" endx="200" endy="-200" width="10" />
    <sympin number="1" originx="200" originy="0" rotation="180" length="100" width="7.8740157480315" flipped="False">
      <text name="pinname" originx="0" originy="0" style="Default" rotation="0" justify="left" flipped="False" hidden="False" data="SLEEVE" />
      <text name="pindes" originx="0" originy="0" style="Default" rotation="0" justify="lowerright" flipped="False" hidden="False" data="1" />
    </sympin>
    <sympin number="2" originx="200" originy="-100" rotation="180" length="100" width="7.8740157480315" flipped="False">
      <text name="pinname" originx="0" originy="0" style="Default" rotation="0" justify="left" flipped="False" hidden="False" data="TIP" />
      <text name="pindes" originx="0" originy="0" style="Default" rotation="0" justify="lowerright" flipped="False" hidden="False" data="2" />
    </sympin>
    <sympin number="3" originx="1000" originy="0" rotation="0" length="100" width="7.8740157480315" flipped="False">
      <text name="pinname" originx="0" originy="0" style="Default" rotation="0" justify="left" flipped="False" hidden="False" data="RING" />
      <text name="pindes" originx="0" originy="0" style="Default" rotation="0" justify="lowerright" flipped="False" hidden="False" data="3" />
    </sympin>
  </symbol>
  <component name="SJ-3523-SMT-TR" designatorprefix="J" height="204.72440944882" footprint="SJ3523SMTTR">
    <comppin designator="1" sympin="1" pinswap="0" gateswap="0" gate="1" group="1" side="" type="Any" name="SLEEVE" />
    <comppin designator="2" sympin="2" pinswap="0" gateswap="0" gate="1" group="1" side="" type="Any" name="TIP" />
    <comppin designator="3" sympin="3" pinswap="0" gateswap="0" gate="1" group="1" side="" type="Any" name="RING" />
    <attached_symbol gate="1" name="SJ-3523-SMT-TR" />
    <pinmap designator="1" footprintpin="1" />
    <pinmap designator="2" footprintpin="2" />
    <pinmap designator="3" footprintpin="3" />
    <text name="Datasheet" originx="0" originy="0" style="Default" rotation="0" justify="" flipped="False" hidden="True" data="https://www.mouser.de/datasheet/2/670/sj_352x_smt-1779397.pdf" />
    <text name="Description" originx="0" originy="0" style="Default" rotation="0" justify="" flipped="False" hidden="True" data="Phone Connectors Audio Jacks" />
    <text name="Mouser Part Number" originx="0" originy="0" style="Default" rotation="0" justify="" flipped="False" hidden="True" data="490-SJ-3523-SMT-TR" />
    <text name="Mouser Price/Stock" originx="0" originy="0" style="Default" rotation="0" justify="" flipped="False" hidden="True" data="https://www.mouser.co.uk/ProductDetail/CUI-Devices/SJ-3523-SMT-TR?qs=WyjlAZoYn51zOHzJ3r4ZRA%3D%3D" />
    <text name="Manufacturer_Name" originx="0" originy="0" style="Default" rotation="0" justify="" flipped="False" hidden="True" data="CUI Devices" />
    <text name="Manufacturer_Part_Number" originx="1050" originy="200" style="Default" rotation="0" justify="left" flipped="False" hidden="False" data="SJ-3523-SMT-TR" />
  </component>
</quadcept_library>
