<?xml version="1.0" encoding="utf-8"?>
<!--/1408/234443/2.48/24/3/Integrated Circuit/-->
<quadcept_library>
  <setting unit="mil" />
  <textstyle name="Default" height="47.244094488189" strokewidth="7.8740157480315" charwidth="47.244094488189" />
  <textstyle name="Dimension" height="19.6850393700787" strokewidth="0" charwidth="19.6850393700787" />
  <textstyle name="H127W0635TH00762" height="50" strokewidth="3" charwidth="25" />
  <textstyle name="H15W15TH02" height="59.0551181102362" strokewidth="7.8740157480315" charwidth="59.0551181102362" />
  <padstyle name="c116_h76" surface="False" plated="True" isvia="False" nopaste="True" nomask="True" complex="False" holesize="29.921259842519">
    <padshape layer="TOP" shape="round" width="45.669291338582" height="45.669291338582" />
    <padshape layer="TOP_SOLDER_MASK" shape="round" width="53.543307086614" height="53.543307086614" />
    <padshape layer="INNER" shape="round" width="45.669291338582" height="45.669291338582" />
    <padshape layer="BOTTOM" shape="round" width="45.669291338582" height="45.669291338582" />
    <padshape layer="BOTTOM_SOLDER_MASK" shape="round" width="53.543307086614" height="53.543307086614" />
  </padstyle>
  <padstyle name="s116_h76" surface="False" plated="True" isvia="False" nopaste="True" nomask="True" complex="False" holesize="29.921259842519">
    <padshape layer="TOP" shape="square" width="45.669291338582" height="45.669291338582" />
    <padshape layer="TOP_SOLDER_MASK" shape="square" width="53.543307086614" height="53.543307086614" />
    <padshape layer="INNER" shape="round" width="45.669291338582" height="45.669291338582" />
    <padshape layer="BOTTOM" shape="square" width="45.669291338582" height="45.669291338582" />
    <padshape layer="BOTTOM_SOLDER_MASK" shape="square" width="53.543307086614" height="53.543307086614" />
  </padstyle>
  <footprint name="DIP794W56P254L3054H457Q24N" originx="0" originy="0" pickpointx="0" pickpointy="0">
    <pcbpin number="1" name="1" style="s116_h76" originx="-156.29921259842" originy="549.99999999999" rotation="90" />
    <pcbpin number="2" name="2" style="c116_h76" originx="-156.29921259842" originy="449.99999999999" rotation="90" />
    <pcbpin number="3" name="3" style="c116_h76" originx="-156.29921259842" originy="350" rotation="90" />
    <pcbpin number="4" name="4" style="c116_h76" originx="-156.29921259842" originy="250" rotation="90" />
    <pcbpin number="5" name="5" style="c116_h76" originx="-156.29921259842" originy="150" rotation="90" />
    <pcbpin number="6" name="6" style="c116_h76" originx="-156.29921259842" originy="49.999999999999" rotation="90" />
    <pcbpin number="7" name="7" style="c116_h76" originx="-156.29921259842" originy="-49.999999999999" rotation="90" />
    <pcbpin number="8" name="8" style="c116_h76" originx="-156.29921259842" originy="-150" rotation="90" />
    <pcbpin number="9" name="9" style="c116_h76" originx="-156.29921259842" originy="-250" rotation="90" />
    <pcbpin number="10" name="10" style="c116_h76" originx="-156.29921259842" originy="-350" rotation="90" />
    <pcbpin number="11" name="11" style="c116_h76" originx="-156.29921259842" originy="-449.99999999999" rotation="90" />
    <pcbpin number="12" name="12" style="c116_h76" originx="-156.29921259842" originy="-549.99999999999" rotation="90" />
    <pcbpin number="13" name="13" style="c116_h76" originx="156.29921259842" originy="-549.99999999999" rotation="90" />
    <pcbpin number="14" name="14" style="c116_h76" originx="156.29921259842" originy="-449.99999999999" rotation="90" />
    <pcbpin number="15" name="15" style="c116_h76" originx="156.29921259842" originy="-350" rotation="90" />
    <pcbpin number="16" name="16" style="c116_h76" originx="156.29921259842" originy="-250" rotation="90" />
    <pcbpin number="17" name="17" style="c116_h76" originx="156.29921259842" originy="-150" rotation="90" />
    <pcbpin number="18" name="18" style="c116_h76" originx="156.29921259842" originy="-49.999999999999" rotation="90" />
    <pcbpin number="19" name="19" style="c116_h76" originx="156.29921259842" originy="49.999999999999" rotation="90" />
    <pcbpin number="20" name="20" style="c116_h76" originx="156.29921259842" originy="150" rotation="90" />
    <pcbpin number="21" name="21" style="c116_h76" originx="156.29921259842" originy="250" rotation="90" />
    <pcbpin number="22" name="22" style="c116_h76" originx="156.29921259842" originy="350" rotation="90" />
    <pcbpin number="23" name="23" style="c116_h76" originx="156.29921259842" originy="449.99999999999" rotation="90" />
    <pcbpin number="24" name="24" style="c116_h76" originx="156.29921259842" originy="549.99999999999" rotation="90" />
    <line layer="TOP_PLACE_BOUND" originx="-195.27559055118" originy="642.32283464566" endx="195.27559055118" endy="642.32283464566" width="1.9685039370079" />
    <line layer="TOP_PLACE_BOUND" originx="195.27559055118" originy="642.32283464566" endx="195.27559055118" endy="-642.32283464566" width="1.9685039370079" />
    <line layer="TOP_PLACE_BOUND" originx="195.27559055118" originy="-642.32283464566" endx="-195.27559055118" endy="-642.32283464566" width="1.9685039370079" />
    <line layer="TOP_PLACE_BOUND" originx="-195.27559055118" originy="-642.32283464566" endx="-195.27559055118" endy="642.32283464566" width="1.9685039370079" />
    <line layer="TOP_ASSEMBLY" originx="-154.92125984252" originy="632.48031496062" endx="154.92125984252" endy="632.48031496062" width="3.9370078740157" />
    <line layer="TOP_ASSEMBLY" originx="154.92125984252" originy="632.48031496062" endx="154.92125984252" endy="-632.48031496062" width="3.9370078740157" />
    <line layer="TOP_ASSEMBLY" originx="154.92125984252" originy="-632.48031496062" endx="-154.92125984252" endy="-632.48031496062" width="3.9370078740157" />
    <line layer="TOP_ASSEMBLY" originx="-154.92125984252" originy="-632.48031496062" endx="-154.92125984252" endy="632.48031496062" width="3.9370078740157" />
    <line layer="TOP_ASSEMBLY" originx="-154.92125984252" originy="582.48031496062" endx="-104.92125984252" endy="632.48031496062" width="3.9370078740157" />
    <line layer="TOP_SILKSCREEN" originx="-179.13385826771" originy="632.48031496062" endx="154.92125984252" endy="632.48031496062" width="7.8740157480314" />
    <line layer="TOP_SILKSCREEN" originx="-154.92125984252" originy="-632.48031496062" endx="154.92125984252" endy="-632.48031496062" width="7.8740157480314" />
  </footprint>
  <symbol name="MAX7219CNG+" originx="0" originy="0">
    <line originx="200" originy="100" endx="1300" endy="100" width="0" />
    <line originx="1300" originy="-1200" endx="1300" endy="100" width="0" />
    <line originx="1300" originy="-1200" endx="200" endy="-1200" width="0" />
    <line originx="200" originy="100" endx="200" endy="-1200" width="0" />
    <sympin number="1" originx="200" originy="0" rotation="180" length="100" width="7.8740157480315" flipped="False">
      <text name="pinname" originx="230" originy="0" style="Default" rotation="0" justify="left" flipped="False" hidden="False" data="DIN" />
      <text name="pindes" originx="140" originy="20" style="Default" rotation="0" justify="lowerright" flipped="False" hidden="False" data="1" />
    </sympin>
    <sympin number="2" originx="200" originy="-100" rotation="180" length="100" width="7.8740157480315" flipped="False">
      <text name="pinname" originx="230" originy="-100" style="Default" rotation="0" justify="left" flipped="False" hidden="False" data="DIG_0" />
      <text name="pindes" originx="140" originy="-80" style="Default" rotation="0" justify="lowerright" flipped="False" hidden="False" data="2" />
    </sympin>
    <sympin number="3" originx="200" originy="-200" rotation="180" length="100" width="7.8740157480315" flipped="False">
      <text name="pinname" originx="230" originy="-200" style="Default" rotation="0" justify="left" flipped="False" hidden="False" data="DIG_4" />
      <text name="pindes" originx="140" originy="-180" style="Default" rotation="0" justify="lowerright" flipped="False" hidden="False" data="3" />
    </sympin>
    <sympin number="4" originx="200" originy="-300" rotation="180" length="100" width="7.8740157480315" flipped="False">
      <text name="pinname" originx="230" originy="-300" style="Default" rotation="0" justify="left" flipped="False" hidden="False" data="GND_1" />
      <text name="pindes" originx="140" originy="-280" style="Default" rotation="0" justify="lowerright" flipped="False" hidden="False" data="4" />
    </sympin>
    <sympin number="5" originx="200" originy="-400" rotation="180" length="100" width="7.8740157480315" flipped="False">
      <text name="pinname" originx="230" originy="-400" style="Default" rotation="0" justify="left" flipped="False" hidden="False" data="DIG_6" />
      <text name="pindes" originx="140" originy="-380" style="Default" rotation="0" justify="lowerright" flipped="False" hidden="False" data="5" />
    </sympin>
    <sympin number="6" originx="200" originy="-500" rotation="180" length="100" width="7.8740157480315" flipped="False">
      <text name="pinname" originx="230" originy="-500" style="Default" rotation="0" justify="left" flipped="False" hidden="False" data="DIG_2" />
      <text name="pindes" originx="140" originy="-480" style="Default" rotation="0" justify="lowerright" flipped="False" hidden="False" data="6" />
    </sympin>
    <sympin number="7" originx="200" originy="-600" rotation="180" length="100" width="7.8740157480315" flipped="False">
      <text name="pinname" originx="230" originy="-600" style="Default" rotation="0" justify="left" flipped="False" hidden="False" data="DIG_3" />
      <text name="pindes" originx="140" originy="-580" style="Default" rotation="0" justify="lowerright" flipped="False" hidden="False" data="7" />
    </sympin>
    <sympin number="8" originx="200" originy="-700" rotation="180" length="100" width="7.8740157480315" flipped="False">
      <text name="pinname" originx="230" originy="-700" style="Default" rotation="0" justify="left" flipped="False" hidden="False" data="DIG_7" />
      <text name="pindes" originx="140" originy="-680" style="Default" rotation="0" justify="lowerright" flipped="False" hidden="False" data="8" />
    </sympin>
    <sympin number="9" originx="200" originy="-800" rotation="180" length="100" width="7.8740157480315" flipped="False">
      <text name="pinname" originx="230" originy="-800" style="Default" rotation="0" justify="left" flipped="False" hidden="False" data="GND_2" />
      <text name="pindes" originx="140" originy="-780" style="Default" rotation="0" justify="lowerright" flipped="False" hidden="False" data="9" />
    </sympin>
    <sympin number="10" originx="200" originy="-900" rotation="180" length="100" width="7.8740157480315" flipped="False">
      <text name="pinname" originx="230" originy="-900" style="Default" rotation="0" justify="left" flipped="False" hidden="False" data="DIG_5" />
      <text name="pindes" originx="140" originy="-880" style="Default" rotation="0" justify="lowerright" flipped="False" hidden="False" data="10" />
    </sympin>
    <sympin number="11" originx="200" originy="-1000" rotation="180" length="100" width="7.8740157480315" flipped="False">
      <text name="pinname" originx="230" originy="-1000" style="Default" rotation="0" justify="left" flipped="False" hidden="False" data="DIG_1" />
      <text name="pindes" originx="140" originy="-980" style="Default" rotation="0" justify="lowerright" flipped="False" hidden="False" data="11" />
    </sympin>
    <sympin number="12" originx="200" originy="-1100" rotation="180" length="100" width="7.8740157480315" flipped="False">
      <text name="pinname" originx="230" originy="-1100" style="Default" rotation="0" justify="left" flipped="False" hidden="False" data="LOAD_(\CS)" />
      <text name="pindes" originx="140" originy="-1080" style="Default" rotation="0" justify="lowerright" flipped="False" hidden="False" data="12" />
    </sympin>
    <sympin number="24" originx="1300" originy="0" rotation="0" length="100" width="7.8740157480315" flipped="False">
      <text name="pinname" originx="1270" originy="0" style="Default" rotation="0" justify="right" flipped="False" hidden="False" data="DOUT" />
      <text name="pindes" originx="1360" originy="20" style="Default" rotation="0" justify="lowerleft" flipped="False" hidden="False" data="24" />
    </sympin>
    <sympin number="23" originx="1300" originy="-100" rotation="0" length="100" width="7.8740157480315" flipped="False">
      <text name="pinname" originx="1270" originy="-100" style="Default" rotation="0" justify="right" flipped="False" hidden="False" data="SEG_D" />
      <text name="pindes" originx="1360" originy="-80" style="Default" rotation="0" justify="lowerleft" flipped="False" hidden="False" data="23" />
    </sympin>
    <sympin number="22" originx="1300" originy="-200" rotation="0" length="100" width="7.8740157480315" flipped="False">
      <text name="pinname" originx="1270" originy="-200" style="Default" rotation="0" justify="right" flipped="False" hidden="False" data="SEG_DP" />
      <text name="pindes" originx="1360" originy="-180" style="Default" rotation="0" justify="lowerleft" flipped="False" hidden="False" data="22" />
    </sympin>
    <sympin number="21" originx="1300" originy="-300" rotation="0" length="100" width="7.8740157480315" flipped="False">
      <text name="pinname" originx="1270" originy="-300" style="Default" rotation="0" justify="right" flipped="False" hidden="False" data="SEG_E" />
      <text name="pindes" originx="1360" originy="-280" style="Default" rotation="0" justify="lowerleft" flipped="False" hidden="False" data="21" />
    </sympin>
    <sympin number="20" originx="1300" originy="-400" rotation="0" length="100" width="7.8740157480315" flipped="False">
      <text name="pinname" originx="1270" originy="-400" style="Default" rotation="0" justify="right" flipped="False" hidden="False" data="SEG_C" />
      <text name="pindes" originx="1360" originy="-380" style="Default" rotation="0" justify="lowerleft" flipped="False" hidden="False" data="20" />
    </sympin>
    <sympin number="19" originx="1300" originy="-500" rotation="0" length="100" width="7.8740157480315" flipped="False">
      <text name="pinname" originx="1270" originy="-500" style="Default" rotation="0" justify="right" flipped="False" hidden="False" data="V+" />
      <text name="pindes" originx="1360" originy="-480" style="Default" rotation="0" justify="lowerleft" flipped="False" hidden="False" data="19" />
    </sympin>
    <sympin number="18" originx="1300" originy="-600" rotation="0" length="100" width="7.8740157480315" flipped="False">
      <text name="pinname" originx="1270" originy="-600" style="Default" rotation="0" justify="right" flipped="False" hidden="False" data="ISET" />
      <text name="pindes" originx="1360" originy="-580" style="Default" rotation="0" justify="lowerleft" flipped="False" hidden="False" data="18" />
    </sympin>
    <sympin number="17" originx="1300" originy="-700" rotation="0" length="100" width="7.8740157480315" flipped="False">
      <text name="pinname" originx="1270" originy="-700" style="Default" rotation="0" justify="right" flipped="False" hidden="False" data="SEG_G" />
      <text name="pindes" originx="1360" originy="-680" style="Default" rotation="0" justify="lowerleft" flipped="False" hidden="False" data="17" />
    </sympin>
    <sympin number="16" originx="1300" originy="-800" rotation="0" length="100" width="7.8740157480315" flipped="False">
      <text name="pinname" originx="1270" originy="-800" style="Default" rotation="0" justify="right" flipped="False" hidden="False" data="SEG_B" />
      <text name="pindes" originx="1360" originy="-780" style="Default" rotation="0" justify="lowerleft" flipped="False" hidden="False" data="16" />
    </sympin>
    <sympin number="15" originx="1300" originy="-900" rotation="0" length="100" width="7.8740157480315" flipped="False">
      <text name="pinname" originx="1270" originy="-900" style="Default" rotation="0" justify="right" flipped="False" hidden="False" data="SEG_F" />
      <text name="pindes" originx="1360" originy="-880" style="Default" rotation="0" justify="lowerleft" flipped="False" hidden="False" data="15" />
    </sympin>
    <sympin number="14" originx="1300" originy="-1000" rotation="0" length="100" width="7.8740157480315" flipped="False">
      <text name="pinname" originx="1270" originy="-1000" style="Default" rotation="0" justify="right" flipped="False" hidden="False" data="SEG_A" />
      <text name="pindes" originx="1360" originy="-980" style="Default" rotation="0" justify="lowerleft" flipped="False" hidden="False" data="14" />
    </sympin>
    <sympin number="13" originx="1300" originy="-1100" rotation="0" length="100" width="7.8740157480315" flipped="False">
      <text name="pinname" originx="1270" originy="-1100" style="Default" rotation="0" justify="right" flipped="False" hidden="False" data="CLK" />
      <text name="pindes" originx="1360" originy="-1080" style="Default" rotation="0" justify="lowerleft" flipped="False" hidden="False" data="13" />
    </sympin>
  </symbol>
  <component name="MAX7219CNG+" designatorprefix="IC" height="180" footprint="DIP794W56P254L3054H457Q24N">
    <comppin designator="1" sympin="1" pinswap="0" gateswap="0" gate="1" group="1" side="" type="Any" name="DIN" />
    <comppin designator="2" sympin="2" pinswap="0" gateswap="0" gate="1" group="1" side="" type="Any" name="DIG_0" />
    <comppin designator="3" sympin="3" pinswap="0" gateswap="0" gate="1" group="1" side="" type="Any" name="DIG_4" />
    <comppin designator="4" sympin="4" pinswap="0" gateswap="0" gate="1" group="1" side="" type="Any" name="GND_1" />
    <comppin designator="5" sympin="5" pinswap="0" gateswap="0" gate="1" group="1" side="" type="Any" name="DIG_6" />
    <comppin designator="6" sympin="6" pinswap="0" gateswap="0" gate="1" group="1" side="" type="Any" name="DIG_2" />
    <comppin designator="7" sympin="7" pinswap="0" gateswap="0" gate="1" group="1" side="" type="Any" name="DIG_3" />
    <comppin designator="8" sympin="8" pinswap="0" gateswap="0" gate="1" group="1" side="" type="Any" name="DIG_7" />
    <comppin designator="9" sympin="9" pinswap="0" gateswap="0" gate="1" group="1" side="" type="Any" name="GND_2" />
    <comppin designator="10" sympin="10" pinswap="0" gateswap="0" gate="1" group="1" side="" type="Any" name="DIG_5" />
    <comppin designator="11" sympin="11" pinswap="0" gateswap="0" gate="1" group="1" side="" type="Any" name="DIG_1" />
    <comppin designator="12" sympin="12" pinswap="0" gateswap="0" gate="1" group="1" side="" type="Any" name="LOAD_(|CS)" />
    <comppin designator="13" sympin="13" pinswap="0" gateswap="0" gate="1" group="1" side="" type="Any" name="CLK" />
    <comppin designator="14" sympin="14" pinswap="0" gateswap="0" gate="1" group="1" side="" type="Any" name="SEG_A" />
    <comppin designator="15" sympin="15" pinswap="0" gateswap="0" gate="1" group="1" side="" type="Any" name="SEG_F" />
    <comppin designator="16" sympin="16" pinswap="0" gateswap="0" gate="1" group="1" side="" type="Any" name="SEG_B" />
    <comppin designator="17" sympin="17" pinswap="0" gateswap="0" gate="1" group="1" side="" type="Any" name="SEG_G" />
    <comppin designator="18" sympin="18" pinswap="0" gateswap="0" gate="1" group="1" side="" type="Any" name="ISET" />
    <comppin designator="19" sympin="19" pinswap="0" gateswap="0" gate="1" group="1" side="" type="Any" name="V+" />
    <comppin designator="20" sympin="20" pinswap="0" gateswap="0" gate="1" group="1" side="" type="Any" name="SEG_C" />
    <comppin designator="21" sympin="21" pinswap="0" gateswap="0" gate="1" group="1" side="" type="Any" name="SEG_E" />
    <comppin designator="22" sympin="22" pinswap="0" gateswap="0" gate="1" group="1" side="" type="Any" name="SEG_DP" />
    <comppin designator="23" sympin="23" pinswap="0" gateswap="0" gate="1" group="1" side="" type="Any" name="SEG_D" />
    <comppin designator="24" sympin="24" pinswap="0" gateswap="0" gate="1" group="1" side="" type="Any" name="DOUT" />
    <attached_symbol gate="1" name="MAX7219CNG+" />
    <pinmap designator="1" footprintpin="1" />
    <pinmap designator="2" footprintpin="2" />
    <pinmap designator="3" footprintpin="3" />
    <pinmap designator="4" footprintpin="4" />
    <pinmap designator="5" footprintpin="5" />
    <pinmap designator="6" footprintpin="6" />
    <pinmap designator="7" footprintpin="7" />
    <pinmap designator="8" footprintpin="8" />
    <pinmap designator="9" footprintpin="9" />
    <pinmap designator="10" footprintpin="10" />
    <pinmap designator="11" footprintpin="11" />
    <pinmap designator="12" footprintpin="12" />
    <pinmap designator="13" footprintpin="13" />
    <pinmap designator="14" footprintpin="14" />
    <pinmap designator="15" footprintpin="15" />
    <pinmap designator="16" footprintpin="16" />
    <pinmap designator="17" footprintpin="17" />
    <pinmap designator="18" footprintpin="18" />
    <pinmap designator="19" footprintpin="19" />
    <pinmap designator="20" footprintpin="20" />
    <pinmap designator="21" footprintpin="21" />
    <pinmap designator="22" footprintpin="22" />
    <pinmap designator="23" footprintpin="23" />
    <pinmap designator="24" footprintpin="24" />
    <text name="Datasheet" originx="0" originy="0" style="Default" rotation="0" justify="" flipped="False" hidden="True" data="http://datasheets.maximintegrated.com/en/ds/MAX7219-MAX7221.pdf" />
    <text name="Description" originx="0" originy="0" style="Default" rotation="0" justify="" flipped="False" hidden="True" data="8-digit LED display driver,MAX7219CNG,BP MAX7219CNG+, LED Driver, 8-Digits 64-Segments, 5 V, 24-Pin PDIP N" />
    <text name="Mouser Part Number" originx="0" originy="0" style="Default" rotation="0" justify="" flipped="False" hidden="True" data="700-MAX7219CNG" />
    <text name="Mouser Price/Stock" originx="0" originy="0" style="Default" rotation="0" justify="" flipped="False" hidden="True" data="https://www.mouser.co.uk/ProductDetail/Maxim-Integrated/MAX7219CNG%2b?qs=1THa7WoU59Gme2Z0GeVXUQ%3D%3D" />
    <text name="Manufacturer_Name" originx="0" originy="0" style="Default" rotation="0" justify="" flipped="False" hidden="True" data="Maxim Integrated" />
    <text name="Manufacturer_Part_Number" originx="1350" originy="200" style="Default" rotation="0" justify="left" flipped="False" hidden="False" data="MAX7219CNG+" />
  </component>
</quadcept_library>
