<?xml version="1.0" encoding="utf-8"?>
<!--/12854313/234443/2.48/3/4/Connector/-->
<quadcept_library>
  <setting unit="mil" />
  <textstyle name="Default" height="47.244094488189" strokewidth="7.8740157480315" charwidth="47.244094488189" />
  <textstyle name="Dimension" height="19.6850393700787" strokewidth="0" charwidth="19.6850393700787" />
  <textstyle name="H127W0635TH00762" height="50" strokewidth="3" charwidth="25" />
  <textstyle name="H15W15TH02" height="59.0551181102362" strokewidth="7.8740157480315" charwidth="59.0551181102362" />
  <padstyle name="c420_h268.33" surface="False" plated="True" isvia="False" nopaste="True" nomask="True" complex="False" holesize="105.64173228346">
    <padshape layer="TOP" shape="round" width="165.35433070866" height="165.35433070866" />
    <padshape layer="TOP_SOLDER_MASK" shape="round" width="173.22834645669" height="173.22834645669" />
    <padshape layer="INNER" shape="round" width="165.35433070866" height="165.35433070866" />
    <padshape layer="BOTTOM" shape="round" width="165.35433070866" height="165.35433070866" />
    <padshape layer="BOTTOM_SOLDER_MASK" shape="round" width="173.22834645669" height="173.22834645669" />
  </padstyle>
  <footprint name="SJ63053A" originx="0" originy="0" pickpointx="0" pickpointy="0">
    <pcbpin number="1" name="1" style="c420_h268.33" originx="0" originy="0" rotation="90" />
    <pcbpin number="2" name="2" style="c420_h268.33" originx="586.61417322834" originy="-98.425196850392" rotation="90" />
    <pcbpin number="3" name="3" style="c420_h268.33" originx="586.61417322834" originy="98.425196850392" rotation="90" />
    <line layer="TOP_ASSEMBLY" originx="-295.27559055118" originy="204.72440944882" endx="688.97637795275" endy="204.72440944882" width="7.8740157480314" />
    <line layer="TOP_ASSEMBLY" originx="688.97637795275" originy="204.72440944882" endx="688.97637795275" endy="-204.72440944882" width="7.8740157480314" />
    <line layer="TOP_ASSEMBLY" originx="688.97637795275" originy="-204.72440944882" endx="-295.27559055118" endy="-204.72440944882" width="7.8740157480314" />
    <line layer="TOP_ASSEMBLY" originx="-295.27559055118" originy="-204.72440944882" endx="-295.27559055118" endy="204.72440944882" width="7.8740157480314" />
    <line layer="TOP_SILKSCREEN" originx="-295.27559055118" originy="204.72440944882" endx="688.97637795275" endy="204.72440944882" width="3.9370078740157" />
    <line layer="TOP_SILKSCREEN" originx="688.97637795275" originy="204.72440944882" endx="688.97637795275" endy="-204.72440944882" width="3.9370078740157" />
    <line layer="TOP_SILKSCREEN" originx="688.97637795275" originy="-204.72440944882" endx="-295.27559055118" endy="-204.72440944882" width="3.9370078740157" />
    <line layer="TOP_SILKSCREEN" originx="-295.27559055118" originy="-204.72440944882" endx="-295.27559055118" endy="204.72440944882" width="3.9370078740157" />
    <line layer="TOP_PLACE_BOUND" originx="-688.97637795275" originy="277.55905511811" endx="728.3464566929" endy="277.55905511811" width="3.9370078740157" />
    <line layer="TOP_PLACE_BOUND" originx="728.3464566929" originy="277.55905511811" endx="728.3464566929" endy="-244.09448818897" width="3.9370078740157" />
    <line layer="TOP_PLACE_BOUND" originx="728.3464566929" originy="-244.09448818897" endx="-688.97637795275" endy="-244.09448818897" width="3.9370078740157" />
    <line layer="TOP_PLACE_BOUND" originx="-688.97637795275" originy="-244.09448818897" endx="-688.97637795275" endy="277.55905511811" width="3.9370078740157" />
    <line layer="TOP_ASSEMBLY" originx="-295.27559055118" originy="204.72440944882" endx="-649.60629921259" endy="204.72440944882" width="7.8740157480314" />
    <line layer="TOP_ASSEMBLY" originx="-649.60629921259" originy="204.72440944882" endx="-649.60629921259" endy="-204.72440944882" width="7.8740157480314" />
    <line layer="TOP_ASSEMBLY" originx="-649.60629921259" originy="-204.72440944882" endx="-295.27559055118" endy="-204.72440944882" width="7.8740157480314" />
    <line layer="TOP_SILKSCREEN" originx="0" originy="236.22047244094" endx="0" endy="236.22047244094" width="11.811023622047" />
    <arc layer="TOP_SILKSCREEN" originx="1.9685039370078" originy="236.22047244094" startangle="180.0" sweepangle="180.0" radius="1.9685039370078" width="11.811023622047" />
    <line layer="TOP_SILKSCREEN" originx="3.9370078740157" originy="236.22047244094" endx="3.9370078740157" endy="236.22047244094" width="11.811023622047" />
    <arc layer="TOP_SILKSCREEN" originx="1.9685039370078" originy="236.22047244094" startangle=".0" sweepangle="180.0" radius="1.9685039370078" width="11.811023622047" />
    <line layer="TOP_SILKSCREEN" originx="-295.27559055118" originy="204.72440944882" endx="-649.60629921259" endy="204.72440944882" width="3.9370078740157" />
    <line layer="TOP_SILKSCREEN" originx="-649.60629921259" originy="204.72440944882" endx="-649.60629921259" endy="-204.72440944882" width="3.9370078740157" />
    <line layer="TOP_SILKSCREEN" originx="-649.60629921259" originy="-204.72440944882" endx="-295.27559055118" endy="-204.72440944882" width="3.9370078740157" />
  </footprint>
  <symbol name="SJ-63053A" originx="0" originy="0">
    <line originx="200" originy="100" endx="600" endy="100" width="0" />
    <line originx="600" originy="-200" endx="600" endy="100" width="0" />
    <line originx="600" originy="-200" endx="200" endy="-200" width="0" />
    <line originx="200" originy="100" endx="200" endy="-200" width="0" />
    <sympin number="1" originx="200" originy="0" rotation="180" length="100" width="7.8740157480315" flipped="False">
      <text name="pinname" originx="230" originy="0" style="Default" rotation="0" justify="left" flipped="False" hidden="False" data="1" />
      <text name="pindes" originx="140" originy="20" style="Default" rotation="0" justify="lowerright" flipped="False" hidden="False" data="1" />
    </sympin>
    <sympin number="2" originx="600" originy="-100" rotation="0" length="100" width="7.8740157480315" flipped="False">
      <text name="pinname" originx="570" originy="-100" style="Default" rotation="0" justify="right" flipped="False" hidden="False" data="2" />
      <text name="pindes" originx="660" originy="-80" style="Default" rotation="0" justify="lowerleft" flipped="False" hidden="False" data="2" />
    </sympin>
    <sympin number="3" originx="600" originy="0" rotation="0" length="100" width="7.8740157480315" flipped="False">
      <text name="pinname" originx="570" originy="0" style="Default" rotation="0" justify="right" flipped="False" hidden="False" data="3" />
      <text name="pindes" originx="660" originy="20" style="Default" rotation="0" justify="lowerleft" flipped="False" hidden="False" data="3" />
    </sympin>
  </symbol>
  <component name="SJ-63053A" designatorprefix="J" height="503.93700787401" footprint="SJ63053A">
    <comppin designator="1" sympin="1" pinswap="0" gateswap="0" gate="1" group="1" side="" type="Any" name="1" />
    <comppin designator="2" sympin="2" pinswap="0" gateswap="0" gate="1" group="1" side="" type="Any" name="2" />
    <comppin designator="3" sympin="3" pinswap="0" gateswap="0" gate="1" group="1" side="" type="Any" name="3" />
    <attached_symbol gate="1" name="SJ-63053A" />
    <pinmap designator="1" footprintpin="1" />
    <pinmap designator="2" footprintpin="2" />
    <pinmap designator="3" footprintpin="3" />
    <text name="Datasheet" originx="0" originy="0" style="Default" rotation="0" justify="" flipped="False" hidden="True" data="https://www.mouser.mx/datasheet/2/670/sj_63053a-1890674.pdf" />
    <text name="Description" originx="0" originy="0" style="Default" rotation="0" justify="" flipped="False" hidden="True" data="Phone Connectors audio jack, 6.35 mm, horizontal, 3 conductor, through hole, 0 switches, w/ nut" />
    <text name="Mouser Part Number" originx="0" originy="0" style="Default" rotation="0" justify="" flipped="False" hidden="True" data="490-SJ-63053A" />
    <text name="Mouser Price/Stock" originx="0" originy="0" style="Default" rotation="0" justify="" flipped="False" hidden="True" data="https://www.mouser.co.uk/ProductDetail/CUI-Devices/SJ-63053A/?qs=hWgE7mdIu5Q5ZZx8mXk5JQ%3D%3D" />
    <text name="Manufacturer_Name" originx="0" originy="0" style="Default" rotation="0" justify="" flipped="False" hidden="True" data="CUI Inc." />
    <text name="Manufacturer_Part_Number" originx="650" originy="200" style="Default" rotation="0" justify="left" flipped="False" hidden="False" data="SJ-63053A" />
  </component>
</quadcept_library>
