<?xml version="1.0" encoding="utf-8"?>
<!--/717544/234443/2.47/10/3/Integrated Circuit/-->
<quadcept_library>
  <setting unit="mil" />
  <textstyle name="Default" height="47.244094488189" strokewidth="7.8740157480315" charwidth="47.244094488189" />
  <textstyle name="Dimension" height="19.6850393700787" strokewidth="0" charwidth="19.6850393700787" />
  <textstyle name="H127W0635TH00762" height="50" strokewidth="3" charwidth="25" />
  <textstyle name="H15W15TH02" height="59.0551181102362" strokewidth="7.8740157480315" charwidth="59.0551181102362" />
  <padstyle name="r145_30" surface="True" plated="False" isvia="False" nopaste="False" nomask="True" complex="False" holesize="0">
    <padshape layer="TOP" shape="rectangle" width="11.811023622047" height="57.086614173228" />
    <padshape layer="TOP_SOLDER_PASTE" shape="rectangle" width="11.811023622047" height="57.086614173228" />
  </padstyle>
  <footprint name="SOP50P490X110-10N" originx="0" originy="0" pickpointx="0" pickpointy="0">
    <pcbpin number="1" name="1" style="r145_30" originx="-87.598425196849" originy="39.370078740157" rotation="90" />
    <pcbpin number="2" name="2" style="r145_30" originx="-87.598425196849" originy="19.685039370078" rotation="90" />
    <pcbpin number="3" name="3" style="r145_30" originx="-87.598425196849" originy="0" rotation="90" />
    <pcbpin number="4" name="4" style="r145_30" originx="-87.598425196849" originy="-19.685039370078" rotation="90" />
    <pcbpin number="5" name="5" style="r145_30" originx="-87.598425196849" originy="-39.370078740157" rotation="90" />
    <pcbpin number="6" name="6" style="r145_30" originx="87.598425196849" originy="-39.370078740157" rotation="90" />
    <pcbpin number="7" name="7" style="r145_30" originx="87.598425196849" originy="-19.685039370078" rotation="90" />
    <pcbpin number="8" name="8" style="r145_30" originx="87.598425196849" originy="0" rotation="90" />
    <pcbpin number="9" name="9" style="r145_30" originx="87.598425196849" originy="19.685039370078" rotation="90" />
    <pcbpin number="10" name="10" style="r145_30" originx="87.598425196849" originy="39.370078740157" rotation="90" />
    <line layer="TOP_PLACE_BOUND" originx="-125.9842519685" originy="70.866141732283" endx="125.9842519685" endy="70.866141732283" width="1.9685039370079" />
    <line layer="TOP_PLACE_BOUND" originx="125.9842519685" originy="70.866141732283" endx="125.9842519685" endy="-70.866141732283" width="1.9685039370079" />
    <line layer="TOP_PLACE_BOUND" originx="125.9842519685" originy="-70.866141732283" endx="-125.9842519685" endy="-70.866141732283" width="1.9685039370079" />
    <line layer="TOP_PLACE_BOUND" originx="-125.9842519685" originy="-70.866141732283" endx="-125.9842519685" endy="70.866141732283" width="1.9685039370079" />
    <line layer="TOP_ASSEMBLY" originx="-59.055118110235" originy="59.055118110235" endx="59.055118110235" endy="59.055118110235" width="3.9370078740157" />
    <line layer="TOP_ASSEMBLY" originx="59.055118110235" originy="59.055118110235" endx="59.055118110235" endy="-59.055118110235" width="3.9370078740157" />
    <line layer="TOP_ASSEMBLY" originx="59.055118110235" originy="-59.055118110235" endx="-59.055118110235" endy="-59.055118110235" width="3.9370078740157" />
    <line layer="TOP_ASSEMBLY" originx="-59.055118110235" originy="-59.055118110235" endx="-59.055118110235" endy="59.055118110235" width="3.9370078740157" />
    <line layer="TOP_ASSEMBLY" originx="-59.055118110235" originy="39.370078740157" endx="-39.370078740157" endy="59.055118110235" width="3.9370078740157" />
    <line layer="TOP_SILKSCREEN" originx="-45.275590551181" originy="59.055118110235" endx="45.275590551181" endy="59.055118110235" width="7.8740157480314" />
    <line layer="TOP_SILKSCREEN" originx="45.275590551181" originy="59.055118110235" endx="45.275590551181" endy="-59.055118110235" width="7.8740157480314" />
    <line layer="TOP_SILKSCREEN" originx="45.275590551181" originy="-59.055118110235" endx="-45.275590551181" endy="-59.055118110235" width="7.8740157480314" />
    <line layer="TOP_SILKSCREEN" originx="-45.275590551181" originy="-59.055118110235" endx="-45.275590551181" endy="59.055118110235" width="7.8740157480314" />
    <line layer="TOP_SILKSCREEN" originx="-116.14173228346" originy="59.055118110235" endx="-59.055118110235" endy="59.055118110235" width="7.8740157480314" />
  </footprint>
  <symbol name="AD5290YRMZ10-R7" originx="0" originy="0">
    <line originx="200" originy="100" endx="800" endy="100" width="10" />
    <line originx="800" originy="-500" endx="800" endy="100" width="10" />
    <line originx="800" originy="-500" endx="200" endy="-500" width="10" />
    <line originx="200" originy="100" endx="200" endy="-500" width="10" />
    <sympin number="1" originx="200" originy="0" rotation="180" length="100" width="7.8740157480315" flipped="False">
      <text name="pinname" originx="0" originy="0" style="Default" rotation="0" justify="left" flipped="False" hidden="False" data="A" />
      <text name="pindes" originx="0" originy="0" style="Default" rotation="0" justify="lowerright" flipped="False" hidden="False" data="1" />
    </sympin>
    <sympin number="2" originx="200" originy="-100" rotation="180" length="100" width="7.8740157480315" flipped="False">
      <text name="pinname" originx="0" originy="0" style="Default" rotation="0" justify="left" flipped="False" hidden="False" data="B" />
      <text name="pindes" originx="0" originy="0" style="Default" rotation="0" justify="lowerright" flipped="False" hidden="False" data="2" />
    </sympin>
    <sympin number="3" originx="200" originy="-200" rotation="180" length="100" width="7.8740157480315" flipped="False">
      <text name="pinname" originx="0" originy="0" style="Default" rotation="0" justify="left" flipped="False" hidden="False" data="VSS" />
      <text name="pindes" originx="0" originy="0" style="Default" rotation="0" justify="lowerright" flipped="False" hidden="False" data="3" />
    </sympin>
    <sympin number="4" originx="200" originy="-300" rotation="180" length="100" width="7.8740157480315" flipped="False">
      <text name="pinname" originx="0" originy="0" style="Default" rotation="0" justify="left" flipped="False" hidden="False" data="GND" />
      <text name="pindes" originx="0" originy="0" style="Default" rotation="0" justify="lowerright" flipped="False" hidden="False" data="4" />
    </sympin>
    <sympin number="5" originx="200" originy="-400" rotation="180" length="100" width="7.8740157480315" flipped="False">
      <text name="pinname" originx="0" originy="0" style="Default" rotation="0" justify="left" flipped="False" hidden="False" data="\CS" />
      <text name="pindes" originx="0" originy="0" style="Default" rotation="0" justify="lowerright" flipped="False" hidden="False" data="5" />
    </sympin>
    <sympin number="10" originx="800" originy="0" rotation="0" length="100" width="7.8740157480315" flipped="False">
      <text name="pinname" originx="0" originy="0" style="Default" rotation="0" justify="left" flipped="False" hidden="False" data="W" />
      <text name="pindes" originx="0" originy="0" style="Default" rotation="0" justify="lowerright" flipped="False" hidden="False" data="10" />
    </sympin>
    <sympin number="9" originx="800" originy="-100" rotation="0" length="100" width="7.8740157480315" flipped="False">
      <text name="pinname" originx="0" originy="0" style="Default" rotation="0" justify="left" flipped="False" hidden="False" data="VDD" />
      <text name="pindes" originx="0" originy="0" style="Default" rotation="0" justify="lowerright" flipped="False" hidden="False" data="9" />
    </sympin>
    <sympin number="8" originx="800" originy="-200" rotation="0" length="100" width="7.8740157480315" flipped="False">
      <text name="pinname" originx="0" originy="0" style="Default" rotation="0" justify="left" flipped="False" hidden="False" data="SDO" />
      <text name="pindes" originx="0" originy="0" style="Default" rotation="0" justify="lowerright" flipped="False" hidden="False" data="8" />
    </sympin>
    <sympin number="7" originx="800" originy="-300" rotation="0" length="100" width="7.8740157480315" flipped="False">
      <text name="pinname" originx="0" originy="0" style="Default" rotation="0" justify="left" flipped="False" hidden="False" data="SDI" />
      <text name="pindes" originx="0" originy="0" style="Default" rotation="0" justify="lowerright" flipped="False" hidden="False" data="7" />
    </sympin>
    <sympin number="6" originx="800" originy="-400" rotation="0" length="100" width="7.8740157480315" flipped="False">
      <text name="pinname" originx="0" originy="0" style="Default" rotation="0" justify="left" flipped="False" hidden="False" data="CLK" />
      <text name="pindes" originx="0" originy="0" style="Default" rotation="0" justify="lowerright" flipped="False" hidden="False" data="6" />
    </sympin>
  </symbol>
  <component name="AD5290YRMZ10-R7" designatorprefix="IC" height="43.307086614173" footprint="SOP50P490X110-10N">
    <comppin designator="1" sympin="1" pinswap="0" gateswap="0" gate="1" group="1" side="" type="Any" name="A" />
    <comppin designator="2" sympin="2" pinswap="0" gateswap="0" gate="1" group="1" side="" type="Any" name="B" />
    <comppin designator="3" sympin="3" pinswap="0" gateswap="0" gate="1" group="1" side="" type="Any" name="VSS" />
    <comppin designator="4" sympin="4" pinswap="0" gateswap="0" gate="1" group="1" side="" type="Any" name="GND" />
    <comppin designator="5" sympin="5" pinswap="0" gateswap="0" gate="1" group="1" side="" type="Any" name="|CS" />
    <comppin designator="6" sympin="10" pinswap="0" gateswap="0" gate="1" group="1" side="" type="Any" name="CLK" />
    <comppin designator="7" sympin="9" pinswap="0" gateswap="0" gate="1" group="1" side="" type="Any" name="SDI" />
    <comppin designator="8" sympin="8" pinswap="0" gateswap="0" gate="1" group="1" side="" type="Any" name="SDO" />
    <comppin designator="9" sympin="7" pinswap="0" gateswap="0" gate="1" group="1" side="" type="Any" name="VDD" />
    <comppin designator="10" sympin="6" pinswap="0" gateswap="0" gate="1" group="1" side="" type="Any" name="W" />
    <attached_symbol gate="1" name="AD5290YRMZ10-R7" />
    <pinmap designator="1" footprintpin="1" />
    <pinmap designator="2" footprintpin="2" />
    <pinmap designator="3" footprintpin="3" />
    <pinmap designator="4" footprintpin="4" />
    <pinmap designator="5" footprintpin="5" />
    <pinmap designator="6" footprintpin="6" />
    <pinmap designator="7" footprintpin="7" />
    <pinmap designator="8" footprintpin="8" />
    <pinmap designator="9" footprintpin="9" />
    <pinmap designator="10" footprintpin="10" />
    <text name="Datasheet" originx="0" originy="0" style="Default" rotation="0" justify="" flipped="False" hidden="True" data="" />
    <text name="Description" originx="0" originy="0" style="Default" rotation="0" justify="" flipped="False" hidden="True" data="Digital Potentiometer ICs +/-15V 8-Bit DigiPOT" />
    <text name="Mouser Part Number" originx="0" originy="0" style="Default" rotation="0" justify="" flipped="False" hidden="True" data="584-AD5290YRMZ10-R7" />
    <text name="Mouser Price/Stock" originx="0" originy="0" style="Default" rotation="0" justify="" flipped="False" hidden="True" data="https://www.mouser.co.uk/ProductDetail/Analog-Devices/AD5290YRMZ10-R7?qs=NmRFExCfTkERE1iuOsYtFg%3D%3D" />
    <text name="Manufacturer_Name" originx="0" originy="0" style="Default" rotation="0" justify="" flipped="False" hidden="True" data="Analog Devices" />
    <text name="Manufacturer_Part_Number" originx="850" originy="200" style="Default" rotation="0" justify="left" flipped="False" hidden="False" data="AD5290YRMZ10-R7" />
  </component>
</quadcept_library>
